Resource ID,Title,Author,Publisher,Published/Issued Date,Type,Home Library,Call Number,Barcode,ISBN
1001,Qur'anic Terminology: A Linguistic and Semantic Analysis,Balil Abd Al-Karim,,2017-00-00,Book,Anytown College Library,BP130.4 .A23 2017,500001,1565646983
1002,Abu Zayd al-Balkhi's Sustenance of the Soul,Malik Badri,,2013-00-00,Book,Anytown College Library,R128.3 .B34213 2013,500002,1565645995
1003,The Price of Admission,Daniel Golden,,2006-00-00,Book,Anytown College Library,LB2351.2 .G65 2006,500003,1400097975
1004,'Alaa Khataa Al-Habib: Ma Qabl Al-Ba'atha,"Khaled, Amr Mohamed Helmi",,,Book,Anytown College Library,D21 .K52,500004,977610391X
1005,When time stood still,"Kamarudin, Raja Petra",,2000-00-00,Book,Anytown College Library,BL80 .K49 2000,500005,9834043503
1006,They dare to speak out : people and institutions confront Israel's lobby,"Findley, Paul",,1989-00-00,Book,Anytown College Library,HT1126 .F42 1989,500006,1556520735
1007,The end of Blackness : returning the souls of Black folk to their rightful owners,"Dickerson, Debra J.",,2004-00-00,Book,Anytown College Library,BM535 .D24 2004,500007,9780375421570
1008,Islam : the view from the edge / Richard W. Bulliet.,"Bulliet, Richard W.",,1994-00-00,Book,Anytown College Library,BL80 .B37 1994,500008,9780231082198
1009,Sociology in Islamic perspective : selected readings / edited with an introduction by A.R. Momin.,,,,Book,Anytown College Library,JC599 .A76,500009,9389965594
1010,"Islam : past, present and future","Küng, Hans",,2009-00-00,Book,Anytown College Library,BM535 .K43 2009,500010,1851686126
1011,"Aḍwāʼ ʻalá shiʻār al-Islām huwa al-ḥall / Ibrāhīm ʻUbayd., Islām huwa al-ḥall","ʻUbayd, Ibrāhīm",,2006-00-00,Book,Anytown College Library,HT1126 .ʻ55 2006,500011,9776157211
1012,Islam in the African-American experience,"Turner, Richard Brent",,2003-00-00,Book,Anytown College Library,PN511 .T68 2003,500012,9780253216304
1013,To be free : pioneering studies in Afro-American history,"Aptheker, Herbert",,1968-00-00,Book,Anytown College Library,BM535 .A68 1968,500013,9780806512570
1014,Al-Usrah Fi Maqasid Al-Shariah : Qiraah Fi Qadaya Al-Zawaj Wa-Al-Talaq Fi Amrika,"Alwaanai, Zaynab Otaahaa",,,Book,Anytown College Library,DS35 .A81,500014,156564476X
1015,"Islam, the West and the challenges of modernity / Tariq Ramadan ; translated by Saïd Amghar","Ramadan, Tariq",,2001-00-00,Book,Anytown College Library,HT1126 .R12 2001,500015,0860373118
1016,Spirituality and the Black helping tradition in social work,"Martin, Elmer P., Martin, Joanne M.",,2002-00-00,Book,Anytown College Library,KBP144 .M10 2002,500016,0871013223
1017,Confronting Islamophobia in educational practice,,,2004-00-00,Book,Anytown College Library,BP130 .A99 2004,500017,9781858563404
1018,The assault on American excellence,"Kronman, Anthony T.",,2019-00-00,Book,Anytown College Library,KBP144 .K39 2019,500018,9781501199486
1019,"My life with Martin Luther King, Jr.","King, Coretta Scott",,1994-00-00,Book,Anytown College Library,PN511 .K98 1994,500019,0140368051
1020,The healing power of Sufi meditation,"Mirahmadi, Sayyid Nurjan., Mirahmadi, Hedieh",,2005-00-00,Book,Anytown College Library,KBP144 .M22 2005,500020,1930409265
1021,Ya Allah Pardon Me,"S.Adly, Muhammad",,,Book,Anytown College Library,BP75 .S90,500021,0983107793
1022,A history of Iran : empire of the mind,"Axworthy, Michael",,0000-00-00,Book,Anytown College Library,PN511 .A21 0000,500022,9780465008889
1023,The Little Seagull handbook : with exercises,"Bullock, Richard H.",,2016-00-00,Book,Anytown College Library,JC599 .B37 2016,500023,9780393602647
1024,The Qur'an and normative religious pluralism : a thematic study of the Qur'an,"Abdullah, Arif Kemil",,2014-00-00,Book,Anytown College Library,BP55 .A97 2014,500024,1565646576
1025,Webster's II new Riverside university dictionary.,"Company, Riverside Publishing",,1984-00-00,Book,Anytown College Library,BL80 .C63 1984,500025,039533957X
1026,Islam and Belief: At Home with Religious Freedom,"Saeed, Abdullah",,,Book,Anytown College Library,BP55 .S58,500026,0985108738
1027,Europe & the Near East: The Presence & Absence of Metals by Jack Goody,"Goody, Jack",,,Book,Anytown College Library,BS680 .G82,500027,9781565645899
1028,"Religion, the missing dimension of statecraft",,,1995-00-00,Book,Anytown College Library,LB2351 .A30 1995,500028,9780195102802
1029,"Upon these shores : themes in the African American experience, 1600 to the present",,,2000-00-00,Book,Anytown College Library,HV6457 .A17 2000,500029,0415924073
1030,From Babel to dragomans : interpreting the Middle East,"Lewis, Bernard",,2004-00-00,Book,Anytown College Library,PN511 .L97 2004,500030,0195173368
1031,The Meaning of The Holy Qur'an,"Ali, Abdullah Yusuf",,1999-00-00,Book,Anytown College Library,DS35 .A13 1999,500031,0915957760
1032,Family life in Islam,"Ahmad, Khurshid",,1981-00-00,Book,Anytown College Library,JC599 .A48 1981,500032,9780860370161
1033,"Getting to peace : transforming conflict at home, at work, and in the world","Ury, William",,1999-00-00,Book,Anytown College Library,BP55 .U30 1999,500033,9780670887583
1034,"A history of God : the 4000-year quest of Judaism, Christianity, and Islam","Armstrong, Karen",,1993-00-00,Book,Anytown College Library,PN511 .A44 1993,500034,0679426000
1035,Qurani & Masnoon Duas: Dua is Worship,"Hashmi, Farhat, فرحت., هاشمى،",,2004-00-00,Book,Anytown College Library,BL80 .H32 2004,500035,9698665129
1036,The Alhambra,"Irwin, Robert",,2004-00-00,Book,Anytown College Library,LB2351 .I87 2004,500036,0674015681
1037,Milet New Learner's Dictionary: Turkish-English & English-Turkish 2nd Edition,Milet Publishing,,,Book,Anytown College Library,DS35 .M16,500037,9781785080890
1038,Mawqie Almar'at Alnakhbawii FI Mujtamae Alrisala,,,1432-00-00,Book,Anytown College Library,DS35 .A80 1432,500038,9789992177846
1039,Enemy in the mirror : Islamic fundamentalism and the limits of modern rationalism,"Euben, Roxanne Leslie",,1999-00-00,Book,Anytown College Library,BP55 .E54 1999,500039,069105844X
1040,Innocent ecstasy : how Christianity gave America an ethic of sexual pleasure,"Gardella, Peter",,,Book,Anytown College Library,KBP144 .G59,500040,0190609400
1041,A Journey to God: Reflections on the Hikam of Ibn Ataillah,"Auda, Jasser",,2012-00-00,Book,Anytown College Library,HT1126 .A38 2012,500041,190583716X
1042,ealij nafsak bialhubat alsuwda' waleasl walbasl walthawm,"Atiyat, Ahmed",,2010-00-00,Book,Anytown College Library,JC599 .A28 2010,500042,9789957361969
1043,The rise of selfishness in America,"Collier, James Lincoln",,1991-00-00,Book,Anytown College Library,BP75 .C17 1991,500043,9780195052770
1044,"Yeme ha-kalaniyot., One Palestine, complete : Jews and Arabs under the Mandate","Segev, Tom",,2000-00-00,Book,Anytown College Library,D21 .S41 2000,500044,0805048480
1045,Welcome to the homeland : a journey to the rural heart of America's conservative revolution,"Mann, Brian",,2006-00-00,Book,Anytown College Library,BS680 .M16 2006,500045,1586421115
1046,The cross and the crescent : the rise of American evangelicalism and the future of Muslims / Muhammad Arif Zakaullah.,"Zakaullah, Muhammad Arif.",,2004-00-00,Book,Anytown College Library,D21 .Z40 2004,500046,9839541420
1047,Raayaat Al-'Islam: Fi Dhaatis-Sawaara,"Al-Wasfi, Wasfi",,1991-00-00,Book,Anytown College Library,PN511 .A60 1991,500047,9789770232552
1048,Made in Texas : George W. Bush and the Southern takeover of American politics / Michael Lind.,"Lind, Michael",,2003-00-00,Book,Anytown College Library,BP130 .L76 2003,500048,9780465041213
1049,Islam and the economic challenge,"Chapra, M. Umer",,1992-00-00,Book,Anytown College Library,BM535 .C40 1992,500049,0860372170
1050,Al-Yahood fi 'Aql Hu'laa,"al-Masīrī, ʻAbd al-Wahhāb",,1998-00-00,Book,Anytown College Library,BP130 .A23 1998,500050,9770255777
1051,God is not one : the eight rival religions that run the world--and why their differences matter,"Prothero, Stephen R",,2010-00-00,Book,Anytown College Library,BM535 .P65 2010,500051,006157127X
1052,"Journal of Sample Studies, Vol. 3",,,,Book,Anytown College Library,AP95 .J68,500052,977-5224-9-8
1053,A Book With a Mangled Barcode Cell,"Nobody, Ann",,2014-00-00,Book,Anytown College Library,BP130.45 .B57 2014,BP 130.45 .B57 2014,9780882970264
1054,A Book Catalogued Under Both ISBN Forms,"Sample, Author",,2005-00-00,Book,Anytown College Library,BP166.5 .S24 2005,500053,0975960121; 9780975960127
1055,A Book Whose Call Number Is Junk,"Sample, Author",,,Book,Anytown College Library,2106,500054,9780786700783
1056,An Old Book With No ISBN,Anonymous,,,Book,Anytown College Library,D21 .A56 1961,500055,
1057,The Complete Media Collection,,,,Collection,Anytown College Library,,500056,
1058,A Documentary on DVD,,,,Movie,Anytown College Library,,500057,
